BPA ID,OTU,OTU Count,Amplicon,Kingdom,Phylum,Class,Order,Family,Genus,Species
102.100.100/36453,CAGCTTTCACATCCCCACAAAGTGGAAGTCTGACTTCAAAGGCTGAGGAGGTGCTGCGCGAGACTCCTCTTGAAGAAGAGAGTCCAAATGTGCCAGTGGGTCGTGGTCGTTCCCGTGCCCGTGCAAACAAAGGACGAGGGCGAGGACGTGGTGGCCGTGGTGGCCGAGGGAAAACTCGTGGTGGTGGTGGTGGTGGTGGTGATGATGAGGATAAAGCGAAGGGTGCAGGTTCCGTGTTCCATTTTCCATTGTATTGCATATTGTCCTAATTTGTTTGTTATTATCCCAGATGATGCTGCAACCAGTATCCCAAATCATTTTCAGGGAAGGAAGGATATAGCTAGATGTTTTATGATGTTTTATGTAGTAAGTTAATTATGATAAGGCAGTGATTGTAAGCATTTCGATGCCCCCTTTTCAGGTGAAGCGAACGAGAAGCCGAAAGTCCCTGAGCCCAAGATTAGGATGAAGCGTC,1,27f519r_bacteria,Bacteria,Atribacteria,JS1,JS1_or,JS1_fa,JS1_ge,JS1_ge_unclassified
102.100.100/36455,CAGCTTTCACATCCCCACAAAGTGGAAGTCTGACTTCAAAGGCTGAGGAGGTGCTGCGCGAGACTCCTCTTGAAGAAGAGAGTCCAAATGTGCCAGTGGGTCGTGGTCGTTCCCGTGCCCGTGCAAACAAAGGACGAGGGCGAGGACGTGGTGGCCGTGGTGGCCGAGGGAAAACTCGTGGTGGTGGTGGTGGTGGTGGTGATGATGAGGATAAAGCGAAGGGTGCAGGTTCCGTGTTCCATTTTCCATTGTATTGCATATTGTCCTAATTTGTTTGTTATTATCCCAGATGATGCTGCAACCAGTATCCCAAATCATTTTCAGGGAAGGAAGGATATAGCTAGATGTTTTATGATGTTTTATGTAGTAAGTTAATTATGATAAGGCAGTGATTGTAAGCATTTCGATGCCCCCTTTTCAGGTGAAGCGAACGAGAAGCCGAAAGTCCCTGAGCCCAAGATTAGGATGAAGCGTC,1,27f519r_bacteria,Bacteria,Atribacteria,JS1,JS1_or,JS1_fa,JS1_ge,JS1_ge_unclassified
102.100.100/36482,CAGCTTTCACATCCCCACAAAGTGGAAGTCTGACTTCAAAGGCTGAGGAGGTGCTGCGCGAGACTCCTCTTGAAGAAGAGAGTCCAAATGTGCCAGTGGGTCGTGGTCGTTCCCGTGCCCGTGCAAACAAAGGACGAGGGCGAGGACGTGGTGGCCGTGGTGGCCGAGGGAAAACTCGTGGTGGTGGTGGTGGTGGTGGTGATGATGAGGATAAAGCGAAGGGTGCAGGTTCCGTGTTCCATTTTCCATTGTATTGCATATTGTCCTAATTTGTTTGTTATTATCCCAGATGATGCTGCAACCAGTATCCCAAATCATTTTCAGGGAAGGAAGGATATAGCTAGATGTTTTATGATGTTTTATGTAGTAAGTTAATTATGATAAGGCAGTGATTGTAAGCATTTCGATGCCCCCTTTTCAGGTGAAGCGAACGAGAAGCCGAAAGTCCCTGAGCCCAAGATTAGGATGAAGCGTC,8,27f519r_bacteria,Bacteria,Atribacteria,JS1,JS1_or,JS1_fa,JS1_ge,JS1_ge_unclassified
102.100.100/36496,CAGCTTTCACATCCCCACAAAGTGGAAGTCTGACTTCAAAGGCTGAGGAGGTGCTGCGCGAGACTCCTCTTGAAGAAGAGAGTCCAAATGTGCCAGTGGGTCGTGGTCGTTCCCGTGCCCGTGCAAACAAAGGACGAGGGCGAGGACGTGGTGGCCGTGGTGGCCGAGGGAAAACTCGTGGTGGTGGTGGTGGTGGTGGTGATGATGAGGATAAAGCGAAGGGTGCAGGTTCCGTGTTCCATTTTCCATTGTATTGCATATTGTCCTAATTTGTTTGTTATTATCCCAGATGATGCTGCAACCAGTATCCCAAATCATTTTCAGGGAAGGAAGGATATAGCTAGATGTTTTATGATGTTTTATGTAGTAAGTTAATTATGATAAGGCAGTGATTGTAAGCATTTCGATGCCCCCTTTTCAGGTGAAGCGAACGAGAAGCCGAAAGTCCCTGAGCCCAAGATTAGGATGAAGCGTC,2,27f519r_bacteria,Bacteria,Atribacteria,JS1,JS1_or,JS1_fa,JS1_ge,JS1_ge_unclassified
102.100.100/36498,CAGCTTTCACATCCCCACAAAGTGGAAGTCTGACTTCAAAGGCTGAGGAGGTGCTGCGCGAGACTCCTCTTGAAGAAGAGAGTCCAAATGTGCCAGTGGGTCGTGGTCGTTCCCGTGCCCGTGCAAACAAAGGACGAGGGCGAGGACGTGGTGGCCGTGGTGGCCGAGGGAAAACTCGTGGTGGTGGTGGTGGTGGTGGTGATGATGAGGATAAAGCGAAGGGTGCAGGTTCCGTGTTCCATTTTCCATTGTATTGCATATTGTCCTAATTTGTTTGTTATTATCCCAGATGATGCTGCAACCAGTATCCCAAATCATTTTCAGGGAAGGAAGGATATAGCTAGATGTTTTATGATGTTTTATGTAGTAAGTTAATTATGATAAGGCAGTGATTGTAAGCATTTCGATGCCCCCTTTTCAGGTGAAGCGAACGAGAAGCCGAAAGTCCCTGAGCCCAAGATTAGGATGAAGCGTC,2,27f519r_bacteria,Bacteria,Atribacteria,JS1,JS1_or,JS1_fa,JS1_ge,JS1_ge_unclassified
102.100.100/36506,CAGCTTTCACATCCCCACAAAGTGGAAGTCTGACTTCAAAGGCTGAGGAGGTGCTGCGCGAGACTCCTCTTGAAGAAGAGAGTCCAAATGTGCCAGTGGGTCGTGGTCGTTCCCGTGCCCGTGCAAACAAAGGACGAGGGCGAGGACGTGGTGGCCGTGGTGGCCGAGGGAAAACTCGTGGTGGTGGTGGTGGTGGTGGTGATGATGAGGATAAAGCGAAGGGTGCAGGTTCCGTGTTCCATTTTCCATTGTATTGCATATTGTCCTAATTTGTTTGTTATTATCCCAGATGATGCTGCAACCAGTATCCCAAATCATTTTCAGGGAAGGAAGGATATAGCTAGATGTTTTATGATGTTTTATGTAGTAAGTTAATTATGATAAGGCAGTGATTGTAAGCATTTCGATGCCCCCTTTTCAGGTGAAGCGAACGAGAAGCCGAAAGTCCCTGAGCCCAAGATTAGGATGAAGCGTC,18,27f519r_bacteria,Bacteria,Atribacteria,JS1,JS1_or,JS1_fa,JS1_ge,JS1_ge_unclassified
102.100.100/36507,CAGCTTTCACATCCCCACAAAGTGGAAGTCTGACTTCAAAGGCTGAGGAGGTGCTGCGCGAGACTCCTCTTGAAGAAGAGAGTCCAAATGTGCCAGTGGGTCGTGGTCGTTCCCGTGCCCGTGCAAACAAAGGACGAGGGCGAGGACGTGGTGGCCGTGGTGGCCGAGGGAAAACTCGTGGTGGTGGTGGTGGTGGTGGTGATGATGAGGATAAAGCGAAGGGTGCAGGTTCCGTGTTCCATTTTCCATTGTATTGCATATTGTCCTAATTTGTTTGTTATTATCCCAGATGATGCTGCAACCAGTATCCCAAATCATTTTCAGGGAAGGAAGGATATAGCTAGATGTTTTATGATGTTTTATGTAGTAAGTTAATTATGATAAGGCAGTGATTGTAAGCATTTCGATGCCCCCTTTTCAGGTGAAGCGAACGAGAAGCCGAAAGTCCCTGAGCCCAAGATTAGGATGAAGCGTC,13,27f519r_bacteria,Bacteria,Atribacteria,JS1,JS1_or,JS1_fa,JS1_ge,JS1_ge_unclassified
102.100.100/36511,CAGCTTTCACATCCCCACAAAGTGGAAGTCTGACTTCAAAGGCTGAGGAGGTGCTGCGCGAGACTCCTCTTGAAGAAGAGAGTCCAAATGTGCCAGTGGGTCGTGGTCGTTCCCGTGCCCGTGCAAACAAAGGACGAGGGCGAGGACGTGGTGGCCGTGGTGGCCGAGGGAAAACTCGTGGTGGTGGTGGTGGTGGTGGTGATGATGAGGATAAAGCGAAGGGTGCAGGTTCCGTGTTCCATTTTCCATTGTATTGCATATTGTCCTAATTTGTTTGTTATTATCCCAGATGATGCTGCAACCAGTATCCCAAATCATTTTCAGGGAAGGAAGGATATAGCTAGATGTTTTATGATGTTTTATGTAGTAAGTTAATTATGATAAGGCAGTGATTGTAAGCATTTCGATGCCCCCTTTTCAGGTGAAGCGAACGAGAAGCCGAAAGTCCCTGAGCCCAAGATTAGGATGAAGCGTC,1,27f519r_bacteria,Bacteria,Atribacteria,JS1,JS1_or,JS1_fa,JS1_ge,JS1_ge_unclassified
102.100.100/36520,CAGCTTTCACATCCCCACAAAGTGGAAGTCTGACTTCAAAGGCTGAGGAGGTGCTGCGCGAGACTCCTCTTGAAGAAGAGAGTCCAAATGTGCCAGTGGGTCGTGGTCGTTCCCGTGCCCGTGCAAACAAAGGACGAGGGCGAGGACGTGGTGGCCGTGGTGGCCGAGGGAAAACTCGTGGTGGTGGTGGTGGTGGTGGTGATGATGAGGATAAAGCGAAGGGTGCAGGTTCCGTGTTCCATTTTCCATTGTATTGCATATTGTCCTAATTTGTTTGTTATTATCCCAGATGATGCTGCAACCAGTATCCCAAATCATTTTCAGGGAAGGAAGGATATAGCTAGATGTTTTATGATGTTTTATGTAGTAAGTTAATTATGATAAGGCAGTGATTGTAAGCATTTCGATGCCCCCTTTTCAGGTGAAGCGAACGAGAAGCCGAAAGTCCCTGAGCCCAAGATTAGGATGAAGCGTC,6,27f519r_bacteria,Bacteria,Atribacteria,JS1,JS1_or,JS1_fa,JS1_ge,JS1_ge_unclassified
102.100.100/36521,CAGCTTTCACATCCCCACAAAGTGGAAGTCTGACTTCAAAGGCTGAGGAGGTGCTGCGCGAGACTCCTCTTGAAGAAGAGAGTCCAAATGTGCCAGTGGGTCGTGGTCGTTCCCGTGCCCGTGCAAACAAAGGACGAGGGCGAGGACGTGGTGGCCGTGGTGGCCGAGGGAAAACTCGTGGTGGTGGTGGTGGTGGTGGTGATGATGAGGATAAAGCGAAGGGTGCAGGTTCCGTGTTCCATTTTCCATTGTATTGCATATTGTCCTAATTTGTTTGTTATTATCCCAGATGATGCTGCAACCAGTATCCCAAATCATTTTCAGGGAAGGAAGGATATAGCTAGATGTTTTATGATGTTTTATGTAGTAAGTTAATTATGATAAGGCAGTGATTGTAAGCATTTCGATGCCCCCTTTTCAGGTGAAGCGAACGAGAAGCCGAAAGTCCCTGAGCCCAAGATTAGGATGAAGCGTC,6,27f519r_bacteria,Bacteria,Atribacteria,JS1,JS1_or,JS1_fa,JS1_ge,JS1_ge_unclassified
102.100.100/36526,CAGCTTTCACATCCCCACAAAGTGGAAGTCTGACTTCAAAGGCTGAGGAGGTGCTGCGCGAGACTCCTCTTGAAGAAGAGAGTCCAAATGTGCCAGTGGGTCGTGGTCGTTCCCGTGCCCGTGCAAACAAAGGACGAGGGCGAGGACGTGGTGGCCGTGGTGGCCGAGGGAAAACTCGTGGTGGTGGTGGTGGTGGTGGTGATGATGAGGATAAAGCGAAGGGTGCAGGTTCCGTGTTCCATTTTCCATTGTATTGCATATTGTCCTAATTTGTTTGTTATTATCCCAGATGATGCTGCAACCAGTATCCCAAATCATTTTCAGGGAAGGAAGGATATAGCTAGATGTTTTATGATGTTTTATGTAGTAAGTTAATTATGATAAGGCAGTGATTGTAAGCATTTCGATGCCCCCTTTTCAGGTGAAGCGAACGAGAAGCCGAAAGTCCCTGAGCCCAAGATTAGGATGAAGCGTC,4,27f519r_bacteria,Bacteria,Atribacteria,JS1,JS1_or,JS1_fa,JS1_ge,JS1_ge_unclassified
102.100.100/36527,CAGCTTTCACATCCCCACAAAGTGGAAGTCTGACTTCAAAGGCTGAGGAGGTGCTGCGCGAGACTCCTCTTGAAGAAGAGAGTCCAAATGTGCCAGTGGGTCGTGGTCGTTCCCGTGCCCGTGCAAACAAAGGACGAGGGCGAGGACGTGGTGGCCGTGGTGGCCGAGGGAAAACTCGTGGTGGTGGTGGTGGTGGTGGTGATGATGAGGATAAAGCGAAGGGTGCAGGTTCCGTGTTCCATTTTCCATTGTATTGCATATTGTCCTAATTTGTTTGTTATTATCCCAGATGATGCTGCAACCAGTATCCCAAATCATTTTCAGGGAAGGAAGGATATAGCTAGATGTTTTATGATGTTTTATGTAGTAAGTTAATTATGATAAGGCAGTGATTGTAAGCATTTCGATGCCCCCTTTTCAGGTGAAGCGAACGAGAAGCCGAAAGTCCCTGAGCCCAAGATTAGGATGAAGCGTC,1,27f519r_bacteria,Bacteria,Atribacteria,JS1,JS1_or,JS1_fa,JS1_ge,JS1_ge_unclassified
102.100.100/36597,CAGCTTTCACATCCCCACAAAGTGGAAGTCTGACTTCAAAGGCTGAGGAGGTGCTGCGCGAGACTCCTCTTGAAGAAGAGAGTCCAAATGTGCCAGTGGGTCGTGGTCGTTCCCGTGCCCGTGCAAACAAAGGACGAGGGCGAGGACGTGGTGGCCGTGGTGGCCGAGGGAAAACTCGTGGTGGTGGTGGTGGTGGTGGTGATGATGAGGATAAAGCGAAGGGTGCAGGTTCCGTGTTCCATTTTCCATTGTATTGCATATTGTCCTAATTTGTTTGTTATTATCCCAGATGATGCTGCAACCAGTATCCCAAATCATTTTCAGGGAAGGAAGGATATAGCTAGATGTTTTATGATGTTTTATGTAGTAAGTTAATTATGATAAGGCAGTGATTGTAAGCATTTCGATGCCCCCTTTTCAGGTGAAGCGAACGAGAAGCCGAAAGTCCCTGAGCCCAAGATTAGGATGAAGCGTC,7,27f519r_bacteria,Bacteria,Atribacteria,JS1,JS1_or,JS1_fa,JS1_ge,JS1_ge_unclassified
102.100.100/36454,CAGCTTTCACATCCCCACAAAGTGGAAGTCTGACTTCAACGGCTGAGGAGGTGCTGCGCGAGACTCCTCTTGAAGAAGAGAGTCCAAATGTGCCAGTGGGTCGTGGTCGTTCCCGTGCCCGTGCAAACAAAGGACGAGGGCGAGGACGTGGTGGCCGTGGTGGCCGAGGGAAAACTCGTGGTGGTGGTGGTGGTGGTGGTGATGATGAGGATAAAGCGAAGGGTGCAGGTTCCGTGTTCCATTTTCCATTGTATTGCATATTGTCCTAATTTGTTTGTTATTATCCCAGATGATGCTGCAACCAGTATCCCAAATCATTTTCAGGGAAGGAAGGATATAGCTAGATGTTTTATGATGTTTTATGTAGTAAGTTAATTATGATAAGGCAGTGATTGTAAGCATTTCGATGCCCCCTTTTCAGGTGAAGCGAACGAGAAGCCGAAAGTCCCTGAGCCCAAGATTAGGATGAAGCGTC,1,27f519r_bacteria,Bacteria,Atribacteria,JS1,JS1_or,JS1_fa,JS1_ge,JS1_ge_unclassified
102.100.100/36482,CAGCTTTCACATCCCCACAAAGTGGAAGTCTGACTTCAACGGCTGAGGAGGTGCTGCGCGAGACTCCTCTTGAAGAAGAGAGTCCAAATGTGCCAGTGGGTCGTGGTCGTTCCCGTGCCCGTGCAAACAAAGGACGAGGGCGAGGACGTGGTGGCCGTGGTGGCCGAGGGAAAACTCGTGGTGGTGGTGGTGGTGGTGGTGATGATGAGGATAAAGCGAAGGGTGCAGGTTCCGTGTTCCATTTTCCATTGTATTGCATATTGTCCTAATTTGTTTGTTATTATCCCAGATGATGCTGCAACCAGTATCCCAAATCATTTTCAGGGAAGGAAGGATATAGCTAGATGTTTTATGATGTTTTATGTAGTAAGTTAATTATGATAAGGCAGTGATTGTAAGCATTTCGATGCCCCCTTTTCAGGTGAAGCGAACGAGAAGCCGAAAGTCCCTGAGCCCAAGATTAGGATGAAGCGTC,1,27f519r_bacteria,Bacteria,Atribacteria,JS1,JS1_or,JS1_fa,JS1_ge,JS1_ge_unclassified
102.100.100/36506,CAGCTTTCACATCCCCACAAAGTGGAAGTCTGACTTCAACGGCTGAGGAGGTGCTGCGCGAGACTCCTCTTGAAGAAGAGAGTCCAAATGTGCCAGTGGGTCGTGGTCGTTCCCGTGCCCGTGCAAACAAAGGACGAGGGCGAGGACGTGGTGGCCGTGGTGGCCGAGGGAAAACTCGTGGTGGTGGTGGTGGTGGTGGTGATGATGAGGATAAAGCGAAGGGTGCAGGTTCCGTGTTCCATTTTCCATTGTATTGCATATTGTCCTAATTTGTTTGTTATTATCCCAGATGATGCTGCAACCAGTATCCCAAATCATTTTCAGGGAAGGAAGGATATAGCTAGATGTTTTATGATGTTTTATGTAGTAAGTTAATTATGATAAGGCAGTGATTGTAAGCATTTCGATGCCCCCTTTTCAGGTGAAGCGAACGAGAAGCCGAAAGTCCCTGAGCCCAAGATTAGGATGAAGCGTC,1,27f519r_bacteria,Bacteria,Atribacteria,JS1,JS1_or,JS1_fa,JS1_ge,JS1_ge_unclassified
102.100.100/36520,CAGCTTTCACATCCCCACAAAGTGGAAGTCTGACTTCAACGGCTGAGGAGGTGCTGCGCGAGACTCCTCTTGAAGAAGAGAGTCCAAATGTGCCAGTGGGTCGTGGTCGTTCCCGTGCCCGTGCAAACAAAGGACGAGGGCGAGGACGTGGTGGCCGTGGTGGCCGAGGGAAAACTCGTGGTGGTGGTGGTGGTGGTGGTGATGATGAGGATAAAGCGAAGGGTGCAGGTTCCGTGTTCCATTTTCCATTGTATTGCATATTGTCCTAATTTGTTTGTTATTATCCCAGATGATGCTGCAACCAGTATCCCAAATCATTTTCAGGGAAGGAAGGATATAGCTAGATGTTTTATGATGTTTTATGTAGTAAGTTAATTATGATAAGGCAGTGATTGTAAGCATTTCGATGCCCCCTTTTCAGGTGAAGCGAACGAGAAGCCGAAAGTCCCTGAGCCCAAGATTAGGATGAAGCGTC,3,27f519r_bacteria,Bacteria,Atribacteria,JS1,JS1_or,JS1_fa,JS1_ge,JS1_ge_unclassified
102.100.100/36521,CAGCTTTCACATCCCCACAAAGTGGAAGTCTGACTTCAACGGCTGAGGAGGTGCTGCGCGAGACTCCTCTTGAAGAAGAGAGTCCAAATGTGCCAGTGGGTCGTGGTCGTTCCCGTGCCCGTGCAAACAAAGGACGAGGGCGAGGACGTGGTGGCCGTGGTGGCCGAGGGAAAACTCGTGGTGGTGGTGGTGGTGGTGGTGATGATGAGGATAAAGCGAAGGGTGCAGGTTCCGTGTTCCATTTTCCATTGTATTGCATATTGTCCTAATTTGTTTGTTATTATCCCAGATGATGCTGCAACCAGTATCCCAAATCATTTTCAGGGAAGGAAGGATATAGCTAGATGTTTTATGATGTTTTATGTAGTAAGTTAATTATGATAAGGCAGTGATTGTAAGCATTTCGATGCCCCCTTTTCAGGTGAAGCGAACGAGAAGCCGAAAGTCCCTGAGCCCAAGATTAGGATGAAGCGTC,1,27f519r_bacteria,Bacteria,Atribacteria,JS1,JS1_or,JS1_fa,JS1_ge,JS1_ge_unclassified
102.100.100/57830,CCAGCATCCGTTGGAATTTTGTTTTGAAGGCCATCATCTCACTATGGATAGTAAGTAGGGGCCAAAAAAACACTACTATGCTCAGCCCGGACACGATGAGTAGGCCTATTATGGCAAAGGTGTAATTTGGGTCGTCAGTGTCGCCGGTCAGCTGAAACTTCAATACATCATAGCTGAGGAAAAGCGCACAGACCATGATCAGCAGAGCTATGGATAGAACGAGTTCGCCTACTGACTTCATCCCCCCGCA,6,18Sv4F18Sv4R_v4_eukaryote,Bacteria,Atribacteria,JS1,JS1_or,JS1_fa,JS1_ge,
102.100.100/57788,CCAGCGGAACGCATAAAGGAATGTTAGAAGAGGATGATTTAATTTCCTGCGATCTTGAGGGAAGACCTCTACATGAAAAGAAAAAACGGAAATTATCAAGTGAAATTAATTTGCATATTTTTGTCTATCAAAATAGGCCCGAAGTTAATGCAATAATACATGCCCACCCTACATACGCAATTATTGCATCCCTTATCGGTTTTGATTTTAGCGACCACATTTTACCAGAAGCAATACTATCATTAGGACCTATAAAAATGGCCGAATACGGAACACCAACCACCAAGGAATTGGTTGCA,20,18Sv4F18Sv4R_v4_eukaryote,Bacteria,Atribacteria,JS1,JS1_or,JS1_fa,JS1_ge,
